objectid,wd16cd,wd16nm,wd16nmw,lad16cd,lad16nm,bng_e,bng_n,long,lat,st_areashape,st_lengthshape
1,E05000026,Abbey, ,E09000002,Barking and Dagenham,544434,184378,0.081291,51.53982162,1181482.929,5769.18927
2,E05000027,Alibon, ,E09000002,Barking and Dagenham,549247,185196,0.150987,51.54592133,1344130.24,5778.856484
3,E05000028,Becontree, ,E09000002,Barking and Dagenham,546863,185869,0.116912,51.55260086,1369326.89,5650.588366
4,E05000029,Chadwell Heath, ,E09000002,Barking and Dagenham,548266,189340,0.138596,51.5834198,3281309.516,8145.666991
5,E05000030,Eastbrook, ,E09000002,Barking and Dagenham,550774,186272,0.173453,51.55519104,3416543.705,8249.274136
6,E05000031,Eastbury, ,E09000002,Barking and Dagenham,546074,183978,0.104756,51.53580856,1403338.441,6404.207515
7,E05000032,Gascoigne, ,E09000002,Barking and Dagenham,544763,183581,0.085704,51.53258133,1255401.062,5597.967304
8,E05000033,Goresbrook, ,E09000002,Barking and Dagenham,548007,184060,0.132641,51.53604126,1182516.014,4952.809218
9,E05000034,Heath, ,E09000002,Barking and Dagenham,549340,186620,0.152931,51.55868912,2005197.622,6784.475555
10,E05000035,Longbridge, ,E09000002,Barking and Dagenham,545276,184914,0.093644,51.54442978,1759272.448,6038.677452
11,E05000036,Mayesbrook, ,E09000002,Barking and Dagenham,547124,185052,0.120332,51.5451889,1826454.585,7002.463984
12,E05000037,Parsloes, ,E09000002,Barking and Dagenham,548150,185599,0.13534801,51.54983139,1232990.881,5915.234002
13,E05000038,River, ,E09000002,Barking and Dagenham,549432,182817,0.15264501,51.5245018,3394153.395,8862.647285
14,E05000039,Thames, ,E09000002,Barking and Dagenham,547151,182704,0.119742,51.52407837,6599589.187,11991.37699
15,E05000040,Valence, ,E09000002,Barking and Dagenham,548153,186867,0.13592499,51.56122971,1237836.484,5108.278827
16,E05000041,Village, ,E09000002,Barking and Dagenham,550361,184190,0.166611,51.53659058,2137135.117,7137.268186
17,E05000042,Whalebone, ,E09000002,Barking and Dagenham,548545,187662,0.141911,51.56827164,1602805.546,5990.733656
18,E05000043,Brunswick Park, ,E09000003,Barnet,528433,193715,-0.14588,51.62760162,3121370.704,7594.3272
19,E05000044,Burnt Oak, ,E09000003,Barnet,520522,190761,-0.26113001,51.60279846,2129846.344,5734.399644
20,E05000045,Childs Hill, ,E09000003,Barnet,524656,186687,-0.20291001,51.56528854,3056001.173,8296.1717
21,E05000046,Colindale, ,E09000003,Barnet,521442,189584,-0.24826001,51.59201813,2419947.258,7508.665887
22,E05000047,Coppetts, ,E09000003,Barnet,528052,191830,-0.15207,51.61074829,2671966.924,7189.028263
23,E05000048,East Barnet, ,E09000003,Barnet,527475,195754,-0.15897,51.64614105,3614684.795,8752.457236
24,E05000049,East Finchley, ,E09000003,Barnet,526811,190033,-0.17062999,51.59487915,2342299.545,7564.15015
25,E05000050,Edgware, ,E09000003,Barnet,518863,193351,-0.28420001,51.62643051,5789217.724,11015.41877
26,E05000051,Finchley Church End, ,E09000003,Barnet,524690,190195,-0.20118,51.59680939,2666185.183,7527.249131
27,E05000052,Garden Suburb, ,E09000003,Barnet,526124,188445,-0.18111999,51.58076096,4820266.6,9380.464742
28,E05000053,Golders Green, ,E09000003,Barnet,523819,187290,-0.21477,51.57088852,3231248.81,8644.23279
29,E05000054,Hale, ,E09000003,Barnet,520890,193803,-0.25477001,51.63005829,5247874.144,13003.86332
30,E05000055,Hendon, ,E09000003,Barnet,523084,189557,-0.22458,51.59143066,3119052.324,7480.370367
31,E05000056,High Barnet, ,E09000003,Barnet,523890,196696,-0.21043,51.65541077,7977934.066,16894.83026
32,E05000057,Mill Hill, ,E09000003,Barnet,523111,192066,-0.22330999,51.61397171,9225369.188,12429.21628
33,E05000058,Oakleigh, ,E09000003,Barnet,526687,194738,-0.17072,51.63719177,3570670.793,10286.00685
34,E05000059,Totteridge, ,E09000003,Barnet,524649,193508,-0.20059,51.62659073,9111136.084,13925.48036
35,E05000060,Underhill, ,E09000003,Barnet,523991,195493,-0.20939,51.6445694,4756984.28,13243.80229
36,E05000061,West Finchley, ,E09000003,Barnet,525518,191440,-0.18878999,51.60781097,2218086.494,6821.154344
37,E05000062,West Hendon, ,E09000003,Barnet,522394,188065,-0.23504999,51.57817078,3187275.684,9086.628326
38,E05000063,Woodhouse, ,E09000003,Barnet,526776,191859,-0.17048,51.61130142,2682875.32,7524.191047
39,E05000064,Barnehurst, ,E09000004,Bexley,550460,175355,0.164272,51.45718002,2740737.434,8368.465538
40,E05000065,Belvedere, ,E09000004,Bexley,549321,178637,0.149278,51.48696899,2865789.033,8896.928042
41,E05000066,Blackfen and Lamorbey, ,E09000004,Bexley,545401,173876,0.090901,51.4452095,1794439.388,6844.816188
42,E05000067,Blendon and Penhill, ,E09000004,Bexley,547322,173969,0.118562,51.44554901,1917108.998,6862.180752
43,E05000068,Brampton, ,E09000004,Bexley,548864,176676,0.141874,51.46947098,1953410.033,6483.479692
44,E05000069,Christchurch, ,E09000004,Bexley,548925,175206,0.142132,51.45624924,2716454.491,6916.026769
45,E05000070,Colyers, ,E09000004,Bexley,550740,176890,0.168954,51.47090149,1677658.748,6091.540537
46,E05000071,Crayford, ,E09000004,Bexley,551768,175070,0.182962,51.45426941,4133238.691,8630.676937
47,E05000072,Cray Meadows, ,E09000004,Bexley,548274,171449,0.13119701,51.42266083,7207414.311,12476.41172
48,E05000073,Danson Park, ,E09000004,Bexley,547301,175187,0.118768,51.45650101,2577843.835,7246.375083
49,E05000074,East Wickham, ,E09000004,Bexley,545785,176411,0.097468,51.46789169,2291682.12,6229.720313
50,E05000075,Erith, ,E09000004,Bexley,550726,178873,0.169598,51.48871994,3432016.924,9404.081443
51,E05000076,Falconwood and Welling, ,E09000004,Bexley,545455,175296,0.092262,51.45795822,1699878.876,6484.481122
52,E05000077,Lesnes Abbey, ,E09000004,Bexley,548175,178189,0.132596,51.48324966,2224921.615,7527.246825
53,E05000078,Longlands, ,E09000004,Bexley,545622,171995,0.093306,51.42824936,2621355.692,7956.340153
54,E05000079,North End, ,E09000004,Bexley,552701,176856,0.19715101,51.47006989,4445696.751,10844.56261
55,E05000080,Northumberland Heath, ,E09000004,Bexley,549649,177366,0.15346,51.47546005,1814359.354,5580.606488
56,E05000081,St Mary's, ,E09000004,Bexley,549096,173258,0.14377099,51.43870163,4570148.36,10031.95757
57,E05000082,St Michael's, ,E09000004,Bexley,547201,176845,0.11802,51.47142029,1388607.455,4753.426139
58,E05000083,Sidcup, ,E09000004,Bexley,546202,173047,0.102077,51.43756104,2679684.04,8105.726803
59,E05000084,Thamesmead East, ,E09000004,Bexley,548396,180162,0.13660599,51.50091934,4105813.647,8482.489746
60,E05000085,Alperton, ,E09000005,Brent,518344,183853,-0.29488999,51.54116821,2205188.859,8143.555898
61,E05000086,Barnhill, ,E09000005,Brent,519301,187233,-0.27994999,51.5713501,3140213.623,9129.161292
62,E05000087,Brondesbury Park, ,E09000005,Brent,523503,184107,-0.22045,51.54235077,1779686.011,6151.751825
63,E05000088,Dollis Hill, ,E09000005,Brent,522313,186513,-0.23676001,51.5642395,2313989.097,5856.535422
64,E05000089,Dudden Hill, ,E09000005,Brent,522083,185505,-0.24043,51.55522919,1774799.204,8290.925095
65,E05000090,Fryent, ,E09000005,Brent,520182,188419,-0.26684001,51.58182144,2678410.714,8030.677633
66,E05000091,Harlesden, ,E09000005,Brent,521490,183879,-0.24954,51.54074097,897501.1807,4599.932765
67,E05000092,Kensal Green, ,E09000005,Brent,522352,183277,-0.23732001,51.53514862,1192378.386,4595.253729
68,E05000093,Kenton, ,E09000005,Brent,517617,188189,-0.30392,51.58029938,2092027.691,7223.082468
69,E05000094,Kilburn, ,E09000005,Brent,524960,183799,-0.19956,51.53926849,940582.6024,4859.854994
70,E05000095,Mapesbury, ,E09000005,Brent,523466,185443,-0.22051001,51.55437088,1344610.122,5323.923616
71,E05000096,Northwick Park, ,E09000005,Brent,516715,187252,-0.31724,51.57205963,2730484.087,8018.969248
72,E05000097,Preston, ,E09000005,Brent,518207,186413,-0.296,51.56420898,2287494.015,7125.832476
73,E05000098,Queens Park, ,E09000005,Brent,524047,183333,-0.21288,51.53527832,1530894.582,5781.374395
74,E05000099,Queensbury, ,E09000005,Brent,519681,189604,-0.27366,51.59257889,2043740.303,6263.695255
75,E05000100,Stonebridge, ,E09000005,Brent,520083,183661,-0.26989001,51.53908157,4217116.664,10000.23422
76,E05000101,Sudbury, ,E09000005,Brent,516871,185370,-0.31562001,51.55511856,2317585.817,7682.722581
77,E05000102,Tokyngton, ,E09000005,Brent,519356,185188,-0.27985001,51.55295944,2573801.371,6846.925472
78,E05000103,Welsh Harp, ,E09000005,Brent,520882,186662,-0.25734001,51.56587982,2244292.851,7615.157785
79,E05000104,Wembley Central, ,E09000005,Brent,518205,184839,-0.29655999,51.55007172,1558296.145,6435.470302
80,E05000105,Willesden Green, ,E09000005,Brent,522219,184330,-0.23886999,51.54463959,1499443.784,6641.627103
81,E05000106,Bickley, ,E09000006,Bromley,542443,169027,0.046418,51.40238953,4822336.574,9540.127279
82,E05000107,Biggin Hill, ,E09000006,Bromley,541094,159119,0.023113,51.31369019,8201375.016,14765.60373
83,E05000108,Bromley Common and Keston, ,E09000006,Bromley,542215,165398,0.041692,51.36983871,8145097.314,16059.53864
84,E05000109,Bromley Town, ,E09000006,Bromley,540273,169266,0.015337,51.40507889,3562532.796,10873.90524
85,E05000110,Chelsfield and Pratts Bottom, ,E09000006,Bromley,547216,162725,0.112379,51.34455109,12663844.78,19856.76774
86,E05000111,Chislehurst, ,E09000006,Bromley,544442,170313,0.075659,51.4134407,10248523.77,15302.93206
87,E05000112,Clock House, ,E09000006,Bromley,536163,169328,-0.04369,51.40663147,2427990.905,8034.302627
88,E05000113,Copers Cope, ,E09000006,Bromley,537815,170017,-0.01968,51.41242981,3238346.243,9008.389847
89,E05000114,Cray Valley East, ,E09000006,Bromley,548054,168282,0.12671401,51.39426041,12901108.49,17682.8464
90,E05000115,Cray Valley West, ,E09000006,Bromley,546389,168891,0.10305,51.40016174,3966854.075,10496.11363
91,E05000116,Crystal Palace, ,E09000006,Bromley,534382,170280,-0.06892,51.41561127,2074937.695,6957.088808
92,E05000117,Darwin, ,E09000006,Bromley,542742,160113,0.047142,51.3222084,29296666.24,28317.91141
93,E05000118,Farnborough and Crofton, ,E09000006,Bromley,544022,164853,0.067413,51.36449051,6978843.678,12509.2754
94,E05000119,Hayes and Coney Hall, ,E09000006,Bromley,539858,165582,0.007927,51.37208176,10991266.15,15181.29506
95,E05000120,Kelsey and Eden Park, ,E09000006,Bromley,537051,167654,-0.03157,51.39138031,5128506.24,11529.16514
96,E05000121,Mottingham and Chislehurst North, ,E09000006,Bromley,542017,172311,0.041613,51.43201065,2444495.993,7976.317674
97,E05000122,Orpington, ,E09000006,Bromley,546890,165750,0.108949,51.37181091,4205048.172,8391.302466
98,E05000123,Penge and Cator, ,E09000006,Bromley,535785,170333,-0.04873,51.41576004,2939734.538,7113.270664
99,E05000124,Petts Wood and Knoll, ,E09000006,Bromley,544615,167525,0.07701,51.38834,4555845.153,11809.46441
100,E05000125,Plaistow and Sundridge, ,E09000006,Bromley,540853,170677,0.024231,51.41761017,4114748.44,8576.355635
101,E05000126,Shortlands, ,E09000006,Bromley,539010,168318,-0.00318,51.39686966,2510349.82,7288.387758
102,E05000127,West Wickham, ,E09000006,Bromley,538494,166071,-0.01146,51.37680054,4317070.165,9372.857908
103,E05000128,Belsize, ,E09000007,Camden,527236,184686,-0.16643,51.54673004,758788.4545,3447.641727
104,E05000129,Bloomsbury, ,E09000007,Camden,529655,181984,-0.13256,51.52190018,938711.4309,3920.440157
105,E05000130,Camden Town with Primrose Hill, ,E09000007,Camden,528438,184062,-0.14934,51.54085159,1039612.227,4671.275621
106,E05000131,Cantelowes, ,E09000007,Camden,529498,184536,-0.13389,51.54486847,731412.856,3675.307605
107,E05000132,Fortune Green, ,E09000007,Camden,524882,185333,-0.20014,51.55307007,1000840.711,4954.438157
108,E05000133,Frognal and Fitzjohns, ,E09000007,Camden,526006,185705,-0.1838,51.55615997,1605734.666,5687.813663
109,E05000134,Gospel Oak, ,E09000007,Camden,528008,185341,-0.15507001,51.55244064,680778.9268,3758.885093
110,E05000135,Hampstead Town, ,E09000007,Camden,526645,186181,-0.17442,51.56029892,2397937.614,7471.061968
111,E05000136,Haverstock, ,E09000007,Camden,528188,184717,-0.15270001,51.54679108,723570.2377,3543.794537
112,E05000137,Highgate, ,E09000007,Camden,528093,186523,-0.15341,51.56304169,2980649.036,7044.338742
113,E05000138,Holborn and Covent Garden, ,E09000007,Camden,530905,181692,-0.11466,51.51897812,1226467.753,5048.518455
114,E05000139,Kentish Town, ,E09000007,Camden,529104,185286,-0.13929,51.55170059,958497.8657,4548.215217
115,E05000140,Kilburn, ,E09000007,Camden,525799,183940,-0.18741,51.54035187,758703.3597,4536.774723
116,E05000141,King's Cross, ,E09000007,Camden,530349,182567,-0.12235,51.52698135,552842.1489,2984.433558
117,E05000142,Regent's Park, ,E09000007,Camden,528987,182932,-0.14184,51.53057098,1366098.482,5181.667045
118,E05000143,St Pancras and Somers Town, ,E09000007,Camden,529714,183428,-0.13118,51.5348587,1414653.439,4865.994572
119,E05000144,Swiss Cottage, ,E09000007,Camden,526951,184105,-0.17075001,51.54156876,1237884.143,5736.455
120,E05000145,West Hampstead, ,E09000007,Camden,525653,184819,-0.1892,51.54827881,939716.4088,4328.345518
121,E05000146,Addiscombe, ,E09000008,Croydon,533593,166444,-0.0817,51.38132858,1582727.672,4993.840895
122,E05000147,Ashburton, ,E09000008,Croydon,535349,166837,-0.05633,51.38444138,2761617.508,7501.320085
123,E05000148,Bensham Manor, ,E09000008,Croydon,531864,168045,-0.10593,51.39611816,1456156.259,5128.836219
124,E05000149,Broad Green, ,E09000008,Croydon,531302,166254,-0.11467,51.38014984,2578417.195,7861.329327
125,E05000150,Coulsdon East, ,E09000008,Croydon,531011,157841,-0.12194,51.30461121,7732923.874,13095.74965
126,E05000151,Coulsdon West, ,E09000008,Croydon,529713,159972,-0.13978,51.32405853,5207989.856,13753.15524
127,E05000152,Croham, ,E09000008,Croydon,533237,163581,-0.08788,51.35567856,3558542.305,9529.494275
128,E05000153,Fairfield, ,E09000008,Croydon,533352,165430,-0.08554,51.37226868,3504721.674,10353.47516
129,E05000154,Fieldway, ,E09000008,Croydon,538114,163487,-0.01792,51.35366821,1459706.966,5125.176493
130,E05000155,Heathfield, ,E09000008,Croydon,536611,163434,-0.03951,51.3535614,8668779.58,17175.59848
131,E05000156,Kenley, ,E09000008,Croydon,532074,159424,-0.10612,51.3185997,6088510.738,11670.49884
132,E05000157,New Addington, ,E09000008,Croydon,538527,162101,-0.01253,51.34112167,2590412.548,7887.471128
133,E05000158,Norbury, ,E09000008,Croydon,530911,169616,-0.11905,51.41046143,2501557.677,7332.131204
134,E05000159,Purley, ,E09000008,Croydon,530154,161730,-0.13281,51.33975983,4164757.493,11701.70412
135,E05000160,Sanderstead, ,E09000008,Croydon,533929,160814,-0.07899,51.33065033,6607019.352,11730.38757
136,E05000161,Selhurst, ,E09000008,Croydon,532966,167445,-0.09033,51.3904686,2315506.719,6520.550882
137,E05000162,Selsdon and Ballards, ,E09000008,Croydon,535290,162268,-0.05892,51.34339905,6385095.146,13223.18135
138,E05000163,Shirley, ,E09000008,Croydon,536489,166163,-0.04022,51.37810898,2734795.268,9836.630816
139,E05000164,South Norwood, ,E09000008,Croydon,533870,168952,-0.07678,51.40380096,2462643.654,7428.694272
140,E05000165,Thornton Heath, ,E09000008,Croydon,532495,168827,-0.09658,51.40299988,1718876.12,5406.971183
141,E05000166,Upper Norwood, ,E09000008,Croydon,532433,170257,-0.09693,51.41587067,2594835.49,7772.598872
142,E05000167,Waddon, ,E09000008,Croydon,531605,164129,-0.1111,51.36098862,4026926.601,8373.853865
143,E05000168,West Thornton, ,E09000008,Croydon,530971,167755,-0.11887,51.39371872,2137396.228,5816.025831
144,E05000169,Woodside, ,E09000008,Croydon,534625,167779,-0.06637,51.39308167,2124740.122,6639.147026
145,E05000170,Acton Central, ,E09000009,Ealing,519997,181039,-0.27202001,51.51554108,1860904.478,6426.270367
146,E05000171,Cleveland, ,E09000009,Ealing,516520,182148,-0.32174,51.52622986,2223097.238,8231.54245
147,E05000172,Dormers Wells, ,E09000009,Ealing,513742,181092,-0.36210999,51.51729965,2032291.551,7483.923889
148,E05000173,Ealing Broadway, ,E09000009,Ealing,517288,181128,-0.31101999,51.51689911,1868495.043,5786.503028
149,E05000174,Ealing Common, ,E09000009,Ealing,518521,180272,-0.29354,51.50894928,2196983.133,6374.140393
150,E05000175,East Acton, ,E09000009,Ealing,520511,182112,-0.26425001,51.52507019,4272039.561,11802.52674
151,E05000176,Elthorne, ,E09000009,Ealing,515828,179675,-0.33252999,51.50415039,1969229.44,7185.994099
152,E05000177,Greenford Broadway, ,E09000009,Ealing,513416,182660,-0.36629999,51.53145981,2466602.07,8816.690864
153,E05000178,Greenford Green, ,E09000009,Ealing,514686,183987,-0.34757,51.54312897,3505833.812,10480.84007
154,E05000179,Hanger Hill, ,E09000009,Ealing,518434,182120,-0.29416999,51.52558136,3239769.937,9205.902595
155,E05000180,Hobbayne, ,E09000009,Ealing,515236,181403,-0.34049001,51.51979828,2151664.248,5889.374156
156,E05000181,Lady Margaret, ,E09000009,Ealing,513205,181637,-0.36967,51.52230835,1788959.943,5744.713463
157,E05000182,Northfield, ,E09000009,Ealing,516945,179087,-0.31663001,51.49863052,1411563.829,6858.880497
158,E05000183,North Greenford, ,E09000009,Ealing,516073,184839,-0.32730001,51.55051041,3040950.376,9642.553946
159,E05000184,Northolt Mandeville, ,E09000009,Ealing,512751,184565,-0.37527999,51.54872131,2932771.704,7612.825519
160,E05000185,Northolt West End, ,E09000009,Ealing,511303,183433,-0.39651,51.5388298,3423720.922,8596.609142
161,E05000186,Norwood Green, ,E09000009,Ealing,513779,179256,-0.36217001,51.50080109,3986091.925,9923.584088
162,E05000187,Perivale, ,E09000009,Ealing,516484,183227,-0.32190001,51.53593063,3331763.122,9997.322756
163,E05000188,South Acton, ,E09000009,Ealing,519732,179922,-0.27621999,51.50555038,1566815.031,5714.275149
164,E05000189,Southall Broadway, ,E09000009,Ealing,512575,180254,-0.37919,51.51000977,1611090.22,7014.05556
165,E05000190,Southall Green, ,E09000009,Ealing,511761,179168,-0.39126,51.50040817,1561186.745,5818.18031
166,E05000191,Southfield, ,E09000009,Ealing,520691,179377,-0.26258999,51.50045013,1493419.882,5189.823561
167,E05000192,Walpole, ,E09000009,Ealing,516957,179928,-0.31617999,51.50619125,1469538.376,5150.741679
168,E05000193,Bowes, ,E09000010,Enfield,531483,192089,-0.10245,51.6122818,1408638.231,8232.59941
169,E05000194,Bush Hill Park, ,E09000010,Enfield,532941,194687,-0.08042,51.63528824,2534100.283,8738.546964
170,E05000195,Chase, ,E09000010,Enfield,531422,199207,-0.10066,51.6762619,17223762.95,22435.38315
171,E05000196,Cockfosters, ,E09000010,Enfield,527997,197445,-0.15081,51.66122055,10449864.66,17966.90911
172,E05000197,Edmonton Green, ,E09000010,Enfield,535043,192950,-0.05074,51.61917877,3229983.236,8805.091455
173,E05000198,Enfield Highway, ,E09000010,Enfield,536383,197335,-0.02969,51.65826035,4649769.915,8880.558099
174,E05000199,Enfield Lock, ,E09000010,Enfield,536635,198893,-0.02544,51.67219925,3284810.505,7644.698399
175,E05000200,Grange, ,E09000010,Enfield,532157,195682,-0.09137,51.64440918,3247289.378,8365.889712
176,E05000201,Haselbury, ,E09000010,Enfield,533440,193357,-0.07372,51.62321854,1727527.866,6619.705451
177,E05000202,Highlands, ,E09000010,Enfield,530904,197284,-0.10887,51.65909958,5030674.161,10727.65659
178,E05000203,Jubilee, ,E09000010,Enfield,535608,194766,-0.04188,51.63536072,3965309.176,10419.75441
179,E05000204,Lower Edmonton, ,E09000010,Enfield,535464,193776,-0.04434,51.62649918,2237544.368,7559.822119
180,E05000205,Palmers Green, ,E09000010,Enfield,531835,192895,-0.09707,51.61943817,2053086.576,6021.237442
181,E05000206,Ponders End, ,E09000010,Enfield,536187,195789,-0.03312,51.64440918,3539695.554,8607.593851
182,E05000207,Southbury, ,E09000010,Enfield,534114,196542,-0.06277,51.65167999,2799077.197,8138.515387
183,E05000208,Southgate, ,E09000010,Enfield,529928,194448,-0.12402,51.63383865,2700810.024,8347.949377
184,E05000209,Southgate Green, ,E09000010,Enfield,529878,192851,-0.12534,51.61949921,2597724.348,7267.457754
185,E05000210,Town, ,E09000010,Enfield,532992,197449,-0.07864,51.66009903,2144182.045,6710.70872
186,E05000211,Turkey Street, ,E09000010,Enfield,535274,198954,-0.04508,51.67308044,2283491.643,6565.41509
187,E05000212,Upper Edmonton, ,E09000010,Enfield,534193,192015,-0.06337,51.61098099,2521167.548,9631.448781
188,E05000213,Winchmore Hill, ,E09000010,Enfield,531301,193979,-0.10437,51.62931061,2739553.717,8180.492508
189,E05000214,Abbey Wood, ,E09000011,Greenwich,546816,178669,0.113238,51.48791122,2748830.236,7338.024699
190,E05000215,Blackheath Westcombe, ,E09000011,Greenwich,540049,177455,0.015356,51.47872162,2185483.175,7681.085338
191,E05000216,Charlton, ,E09000011,Greenwich,541457,177891,0.035792,51.48228836,2235315.513,6420.12285
192,E05000217,Coldharbour and New Eltham, ,E09000011,Greenwich,543436,172428,0.062059,51.43270111,2529188.494,6781.213862
193,E05000218,Eltham North, ,E09000011,Greenwich,543431,175383,0.063184,51.4592514,2452166.123,7856.196503
194,E05000219,Eltham South, ,E09000011,Greenwich,543742,174021,0.067105,51.44694138,4705302.308,9558.702494
195,E05000220,Eltham West, ,E09000011,Greenwich,541497,175377,0.035362,51.45969009,2458384.605,6636.910175
196,E05000221,Glyndon, ,E09000011,Greenwich,544655,178804,0.08219,51.48968124,1537934.018,5958.466091
197,E05000222,Greenwich West, ,E09000011,Greenwich,538594,177146,-0.0057,51.47629929,2502144.724,8760.045761
198,E05000223,Kidbrooke with Hornfair, ,E09000011,Greenwich,541854,176630,0.041,51.47085953,2270406.662,6509.84459
199,E05000224,Middle Park and Sutcliffe, ,E09000011,Greenwich,541117,173988,0.029343,51.44729996,3170765.854,10269.56776
200,E05000225,Peninsula, ,E09000011,Greenwich,540033,179031,0.015751,51.4928894,3537285.156,9073.687959
201,E05000226,Plumstead, ,E09000011,Greenwich,545924,178299,0.100247,51.48482132,2382469.88,7765.401237
202,E05000227,Shooters Hill, ,E09000011,Greenwich,544200,176748,0.074802,51.47132111,3906131.371,8677.980227
203,E05000228,Thamesmead Moorings, ,E09000011,Greenwich,545998,180063,0.102041,51.5006485,3862327.878,8178.795345
204,E05000229,Woolwich Common, ,E09000011,Greenwich,543528,177730,0.065532,51.48031998,2482884.127,7398.411097
205,E05000230,Woolwich Riverside, ,E09000011,Greenwich,542297,178809,0.048251,51.49032974,2544392.917,8162.228568
206,E05000250,Addison, ,E09000013,Hammersmith and Fulham,523640,179464,-0.2201,51.50059891,484758.554,3043.50761
207,E05000251,Askew, ,E09000013,Hammersmith and Fulham,522018,179714,-0.24337,51.50320053,811571.7184,3918.908832
208,E05000252,Avonmore and Brook Green, ,E09000013,Hammersmith and Fulham,524042,178845,-0.21453001,51.49494934,896457.7812,4155.27822
209,E05000253,College Park and Old Oak, ,E09000013,Hammersmith and Fulham,522459,181963,-0.23624,51.52331161,3418872.223,8114.794886
210,E05000254,Fulham Broadway, ,E09000013,Hammersmith and Fulham,525088,177577,-0.19992,51.48331833,694845.2015,3404.757403
211,E05000255,Fulham Reach, ,E09000013,Hammersmith and Fulham,523772,177856,-0.21876,51.48611832,1013206.614,3902.89817
212,E05000256,Hammersmith Broadway, ,E09000013,Hammersmith and Fulham,523240,178633,-0.22615001,51.49322128,1138783.142,4443.513271
213,E05000257,Munster, ,E09000013,Hammersmith and Fulham,524335,176914,-0.21099,51.47753143,579474.4278,3568.502034
214,E05000258,North End, ,E09000013,Hammersmith and Fulham,524704,178057,-0.20528001,51.48772049,589868.911,3153.624674
215,E05000259,Palace Riverside, ,E09000013,Hammersmith and Fulham,523893,176497,-0.2175,51.47388077,1342387.585,6482.320513
216,E05000260,Parsons Green and Walham, ,E09000013,Hammersmith and Fulham,525321,176534,-0.19693001,51.4738884,811071.8766,5287.499825
217,E05000261,Ravenscourt Park, ,E09000013,Hammersmith and Fulham,522145,178873,-0.24183001,51.49560928,1147962.582,5213.112467
218,E05000262,Sands End, ,E09000013,Hammersmith and Fulham,525802,176110,-0.19016001,51.46997833,1205254.53,5828.603652
219,E05000263,Shepherd's Bush Green, ,E09000013,Hammersmith and Fulham,523240,180112,-0.22563,51.50651169,1144757.768,4318.643028
220,E05000264,Town, ,E09000013,Hammersmith and Fulham,524862,176732,-0.20347001,51.47576904,660333.3972,3651.517114
221,E05000265,Wormholt and White City, ,E09000013,Hammersmith and Fulham,522339,180556,-0.23845001,51.51068878,910491.3834,4112.35102
222,E05000266,Alexandra, ,E09000014,Haringey,529523,190387,-0.13136999,51.59743881,2538932.769,7228.931599
223,E05000267,Bounds Green, ,E09000014,Haringey,530243,191163,-0.12069,51.60425186,1627086.351,5473.348049
224,E05000268,Bruce Grove, ,E09000014,Haringey,533305,190094,-0.07691,51.59392929,975973.3933,4292.326843
225,E05000269,Crouch End, ,E09000014,Haringey,529666,188263,-0.13009,51.57831955,1543029.502,5194.478029
226,E05000270,Fortis Green, ,E09000014,Haringey,528059,189699,-0.15275,51.59159088,1970213.231,8240.270557
227,E05000271,Harringay, ,E09000014,Haringey,531449,188211,-0.1044,51.57743835,1632496.866,6646.924427
228,E05000272,Highgate, ,E09000014,Haringey,528141,188258,-0.15209,51.57862854,2692774.118,8435.200238
229,E05000273,Hornsey, ,E09000014,Haringey,530433,189213,-0.11868,51.58668137,1112929.046,4121.820245
230,E05000274,Muswell Hill, ,E09000014,Haringey,529197,189172,-0.13652,51.58660126,1572759.059,5851.024621
231,E05000275,Noel Park, ,E09000014,Haringey,531193,190038,-0.10741,51.59392166,1161514.658,4860.333804
232,E05000276,Northumberland Park, ,E09000014,Haringey,534515,191132,-0.05906,51.60297012,1910254.475,7404.966827
233,E05000277,St Ann's, ,E09000014,Haringey,532437,188747,-0.08994,51.58203125,1100989.938,4587.644945
234,E05000278,Seven Sisters, ,E09000014,Haringey,533558,188427,-0.0739,51.57889175,1409496.163,6498.137825
235,E05000279,Stroud Green, ,E09000014,Haringey,530914,188013,-0.11218,51.57579041,1031839.277,4886.139485
236,E05000280,Tottenham Green, ,E09000014,Haringey,533648,189087,-0.07235,51.58480072,1260220.401,4797.991348
237,E05000281,Tottenham Hale, ,E09000014,Haringey,534521,189778,-0.05949,51.59080124,1918311.008,6835.735487
238,E05000282,West Green, ,E09000014,Haringey,532322,189860,-0.09118,51.59206009,1409928.766,5019.453553
239,E05000283,White Hart Lane, ,E09000014,Haringey,532755,191140,-0.08445,51.6034584,1634477.908,5471.956331
240,E05000284,Woodside, ,E09000014,Haringey,531516,190985,-0.10239,51.60234833,1479277.148,5437.836268
241,E05000285,Belmont, ,E09000015,Harrow,516977,190886,-0.31224999,51.60467148,1803736.938,6690.715172
242,E05000286,Canons, ,E09000015,Harrow,517364,193105,-0.30592,51.62453079,5621185.136,11904.83263
243,E05000287,Edgware, ,E09000015,Harrow,519250,190753,-0.27948999,51.60300064,1278005.86,4960.662085
244,E05000288,Greenhill, ,E09000015,Harrow,515788,188408,-0.33023,51.5826416,1587359.186,5681.657447
245,E05000289,Harrow on the Hill, ,E09000015,Harrow,515118,186510,-0.34051999,51.5657196,3477781.799,8384.844554
246,E05000290,Harrow Weald, ,E09000015,Harrow,514533,191919,-0.34718999,51.61445999,4699059.406,10250.69561
247,E05000291,Hatch End, ,E09000015,Harrow,512921,191417,-0.37062001,51.61027145,3441404.801,8656.102493
248,E05000292,Headstone North, ,E09000015,Harrow,513617,190017,-0.36103001,51.59754944,3183875.153,8632.878646
249,E05000293,Headstone South, ,E09000015,Harrow,514234,188930,-0.35247999,51.5876503,1406205.875,5260.666236
250,E05000294,Kenton East, ,E09000015,Harrow,518376,189314,-0.29258999,51.59024811,1257969.341,5276.81446
251,E05000295,Kenton West, ,E09000015,Harrow,516718,189385,-0.31648999,51.59122849,1906612.558,6567.401947
252,E05000296,Marlborough, ,E09000015,Harrow,515460,189535,-0.33458999,51.59283829,1581482.935,6534.175484
253,E05000297,Pinner, ,E09000015,Harrow,511546,190587,-0.39074001,51.60308075,3120247.424,8913.722001
254,E05000298,Pinner South, ,E09000015,Harrow,511946,188424,-0.38565001,51.58356094,2346384.249,7347.702389
255,E05000299,Queensbury, ,E09000015,Harrow,518098,190294,-0.29627001,51.59910965,1756655.415,6897.773342
256,E05000300,Rayners Lane, ,E09000015,Harrow,512676,187662,-0.37537,51.5765686,1626697.291,6422.95553
257,E05000301,Roxbourne, ,E09000015,Harrow,513439,186514,-0.36473,51.56610107,1507202.242,6337.766007
258,E05000302,Roxeth, ,E09000015,Harrow,513565,185739,-0.36316001,51.55910873,1442285.374,5699.042926
259,E05000303,Stanmore Park, ,E09000015,Harrow,516121,192156,-0.32418999,51.61626053,4446534.624,9291.754975
260,E05000304,Wealdstone, ,E09000015,Harrow,515202,190225,-0.33809,51.59909058,1335422.588,4604.108579
261,E05000305,West Harrow, ,E09000015,Harrow,514018,187733,-0.35598001,51.57693863,1653252.075,6085.18644
262,E05000306,Brooklands, ,E09000016,Havering,550276,188279,0.16713101,51.573349,4370731.785,9921.839258
263,E05000307,Cranham, ,E09000016,Havering,557231,188611,0.26755899,51.57444,6605231.943,12781.3621
264,E05000308,Elm Park, ,E09000016,Havering,552366,185008,0.195851,51.54339981,3644559.577,9608.342265
265,E05000309,Emerson Park, ,E09000016,Havering,554963,188650,0.234874,51.57542038,4750565.827,11199.84959
266,E05000310,Gooshays, ,E09000016,Havering,554454,193213,0.229541,51.61655045,7444523.516,14453.08173
267,E05000311,Hacton, ,E09000016,Havering,553932,185873,0.218793,51.55075073,2475020.512,7367.34708
268,E05000312,Harold Wood, ,E09000016,Havering,555514,190681,0.243717,51.59350967,7771581.633,14303.76299
269,E05000313,Havering Park, ,E09000016,Havering,550821,192588,0.17684101,51.6119194,9776446.896,14021.02399
270,E05000314,Heaton, ,E09000016,Havering,552987,191694,0.207707,51.60330963,3653886.824,9847.378571
271,E05000315,Hylands, ,E09000016,Havering,552410,187242,0.19745199,51.5634613,2795472.462,6842.474735
272,E05000316,Mawneys, ,E09000016,Havering,549815,190223,0.161313,51.59093857,3090526.462,8377.780589
273,E05000317,Pettits, ,E09000016,Havering,551723,190487,0.188949,51.59280014,3982389.299,9533.254644
274,E05000318,Rainham and Wennington, ,E09000016,Havering,553466,181382,0.210124,51.51052856,15444685.48,18290.72149
275,E05000319,Romford Town, ,E09000016,Havering,551678,188724,0.187538,51.57698059,2769863.133,9053.679225
276,E05000320,St Andrew's, ,E09000016,Havering,554297,186889,0.224499,51.55978012,2732965.629,8262.4305
277,E05000321,South Hornchurch, ,E09000016,Havering,551263,182642,0.17894299,51.52244186,6206262.572,11389.887
278,E05000322,Squirrel's Heath, ,E09000016,Havering,553615,189464,0.215792,51.58309937,2585418.645,8330.409627
279,E05000323,Upminster, ,E09000016,Havering,557943,185012,0.27621001,51.54190826,22455840.95,23901.28617
280,E05000324,Barnhill, ,E09000017,Hillingdon,510497,181987,-0.40858001,51.52598953,2112247.858,6401.920436
281,E05000325,Botwell, ,E09000017,Hillingdon,509045,180623,-0.42991999,51.51401138,4587881.59,10367.47894
282,E05000326,Brunel, ,E09000017,Hillingdon,507000,182115,-0.45892999,51.52782059,3362626.462,9596.259566
283,E05000327,Cavendish, ,E09000017,Hillingdon,511186,186761,-0.39714,51.56877136,1966871.638,6273.100222
284,E05000328,Charville, ,E09000017,Hillingdon,509253,182706,-0.42627999,51.53269958,2865539.667,6742.800264
285,E05000329,Eastcote and East Ruislip, ,E09000017,Hillingdon,510109,188450,-0.41215,51.58415985,3938391.35,10497.0216
286,E05000330,Harefield, ,E09000017,Hillingdon,506012,189747,-0.47086999,51.59659958,15014982.45,19119.70709
287,E05000331,Heathrow Villages, ,E09000017,Hillingdon,507064,176573,-0.45969,51.4779892,24066940.78,20327.22917
288,E05000332,Hillingdon East, ,E09000017,Hillingdon,508299,183518,-0.43978,51.54018021,3825233.199,9922.239692
289,E05000333,Ickenham, ,E09000017,Hillingdon,506720,186158,-0.46173999,51.56420898,6037833.053,10978.14205
290,E05000334,Manor, ,E09000017,Hillingdon,509924,186852,-0.41532001,51.56983185,2010933.625,6126.861674
291,E05000335,Northwood, ,E09000017,Hillingdon,508323,190763,-0.43720001,51.60528946,7151754.117,12109.66352
292,E05000336,Northwood Hills, ,E09000017,Hillingdon,510181,190309,-0.41053,51.60084915,3568349.767,9574.49379
293,E05000337,Pinkwell, ,E09000017,Hillingdon,508737,178976,-0.43487,51.49927139,2692128.644,7406.525201
294,E05000338,South Ruislip, ,E09000017,Hillingdon,510647,185281,-0.40538001,51.5555687,7324487.93,15579.48949
295,E05000339,Townfield, ,E09000017,Hillingdon,510502,180133,-0.40909001,51.50933075,3411674.526,8039.740112
296,E05000340,Uxbridge North, ,E09000017,Hillingdon,506411,184210,-0.46678001,51.54676056,4613608.232,9226.313963
297,E05000341,Uxbridge South, ,E09000017,Hillingdon,505228,182845,-0.48424,51.53470993,3152694.109,8453.746037
298,E05000342,West Drayton, ,E09000017,Hillingdon,505843,179232,-0.47646999,51.50212097,3282917.842,9570.415965
299,E05000343,West Ruislip, ,E09000017,Hillingdon,508460,187549,-0.43621999,51.57638168,4691979.512,11624.24799
300,E05000344,Yeading, ,E09000017,Hillingdon,511898,181627,-0.38850999,51.52248001,2176613.898,6328.738631
301,E05000345,Yiewsley, ,E09000017,Hillingdon,506757,180915,-0.46279001,51.5170784,4104269.26,9800.976828
302,E05000346,Bedfont, ,E09000018,Hounslow,508369,173749,-0.44176999,51.45235825,4497670.771,10826.80019
303,E05000347,Brentford, ,E09000018,Hounslow,518290,178487,-0.29747,51.49296188,3277768.825,10472.92476
304,E05000348,Chiswick Homefields, ,E09000018,Hounslow,521142,176822,-0.25698,51.47739029,2267989.27,9157.510327
305,E05000349,Chiswick Riverside, ,E09000018,Hounslow,520109,177306,-0.27168,51.4819603,2150059.879,6328.074856
306,E05000350,Cranford, ,E09000018,Hounslow,510891,176182,-0.40472001,51.47373962,2888455.281,8636.072956
307,E05000351,Feltham North, ,E09000018,Hounslow,510654,174417,-0.40869001,51.45792007,3341804.481,8253.887931
308,E05000352,Feltham West, ,E09000018,Hounslow,509176,172401,-0.43057001,51.44009018,3034264.112,8551.04717
309,E05000353,Hanworth, ,E09000018,Hounslow,511816,171122,-0.39300999,51.42808151,3338970.721,10499.89551
310,E05000354,Hanworth Park, ,E09000018,Hounslow,511026,172421,-0.40395999,51.43991089,3878797.704,7806.358267
311,E05000355,Heston Central, ,E09000018,Hounslow,512435,176640,-0.38236001,51.47755051,1783916.363,6247.916201
312,E05000356,Heston East, ,E09000018,Hounslow,513221,177430,-0.37079,51.48448944,2113618.685,10580.61269
313,E05000357,Heston West, ,E09000018,Hounslow,511443,177593,-0.39633,51.48630905,3785483.326,8156.140197
314,E05000358,Hounslow Central, ,E09000018,Hounslow,514227,175818,-0.35683,51.46979904,1783396.951,5512.787914
315,E05000359,Hounslow Heath, ,E09000018,Hounslow,512321,174536,-0.38466999,51.45866013,2717587.61,7053.083544
316,E05000360,Hounslow South, ,E09000018,Hounslow,514848,175341,-0.34805,51.46538925,1825989.711,6603.601729
317,E05000361,Hounslow West, ,E09000018,Hounslow,512567,175570,-0.38080001,51.46791077,1564599.849,6155.18643
318,E05000362,Isleworth, ,E09000018,Hounslow,516094,175250,-0.33015001,51.46432114,2126637.458,6550.100312
319,E05000363,Osterley and Spring Grove, ,E09000018,Hounslow,515208,177597,-0.34213001,51.48559189,6152668.296,10734.43742
320,E05000364,Syon, ,E09000018,Hounslow,517093,177049,-0.31518,51.48028183,2762636.621,8173.556667
321,E05000365,Turnham Green, ,E09000018,Hounslow,519675,178753,-0.27744001,51.49505997,1700207.46,6893.906645
322,E05000366,Barnsbury, ,E09000019,Islington,531071,183811,-0.11149,51.53799057,722095.6563,3896.569102
323,E05000367,Bunhill, ,E09000019,Islington,532281,182438,-0.09456,51.52537155,1147869.15,5406.28927
324,E05000368,Caledonian, ,E09000019,Islington,530558,183901,-0.11884,51.53892136,1243463.239,4788.953415
325,E05000369,Canonbury, ,E09000019,Islington,532445,184332,-0.09149,51.54235077,763347.9453,3653.934628
326,E05000370,Clerkenwell, ,E09000019,Islington,531202,182644,-0.11003,51.52746964,1022471.441,4645.430934
327,E05000371,Finsbury Park, ,E09000019,Islington,530812,186416,-0.11425,51.56145859,1057356.392,4069.856156
328,E05000372,Highbury East, ,E09000019,Islington,531832,185104,-0.10003,51.54943085,906069.6311,4763.744535
329,E05000373,Highbury West, ,E09000019,Islington,531299,185856,-0.10744,51.55630875,1035715.24,4539.02503
330,E05000374,Hillrise, ,E09000019,Islington,529640,187394,-0.13079,51.57051849,756014.8275,3753.905084
331,E05000375,Holloway, ,E09000019,Islington,530486,185379,-0.11933,51.55221939,1079248.459,4117.727601
332,E05000376,Junction, ,E09000019,Islington,529423,186419,-0.13427,51.56180954,1127908.169,4201.170005
333,E05000377,Mildmay, ,E09000019,Islington,532770,185225,-0.08647,51.5503006,860249.1816,4005.248517
334,E05000378,St George's, ,E09000019,Islington,529755,185733,-0.12974,51.5555687,845780.8739,4117.534694
335,E05000379,St Mary's, ,E09000019,Islington,531543,184121,-0.10457,51.54066849,1000985.189,4902.681256
336,E05000380,St Peter's, ,E09000019,Islington,532044,183547,-0.09756,51.53538895,739986.1826,4092.472376
337,E05000381,Tollington, ,E09000019,Islington,530411,187047,-0.1198,51.56721878,748383.6198,3707.311528
338,E05000400,Alexandra, ,E09000021,Kingston upon Thames,520047,166637,-0.27618,51.38608932,2678575.397,6905.501737
339,E05000401,Berrylands, ,E09000021,Kingston upon Thames,518942,167293,-0.29183999,51.3922081,1322681.669,5478.817981
340,E05000402,Beverley, ,E09000021,Kingston upon Thames,521766,168663,-0.25080001,51.40393066,1853617.668,7439.454619
341,E05000403,Canbury, ,E09000021,Kingston upon Thames,518594,170117,-0.29589,51.4176712,1238517.664,4998.646877
342,E05000404,Chessington North and Hook, ,E09000021,Kingston upon Thames,517881,164742,-0.30792001,51.36951065,1884286.743,6655.032311
343,E05000405,Chessington South, ,E09000021,Kingston upon Thames,517928,162408,-0.30802,51.34851837,7634353.508,12137.18023
344,E05000406,Coombe Hill, ,E09000021,Kingston upon Thames,520621,170839,-0.26651001,51.42372894,4246544.133,10881.56549
345,E05000407,Coombe Vale, ,E09000021,Kingston upon Thames,520476,169259,-0.26912999,51.40956116,1711280.031,5217.003353
346,E05000408,Grove, ,E09000021,Kingston upon Thames,518272,168633,-0.30102,51.40439987,2119170.752,7848.037718
347,E05000409,Norbiton, ,E09000021,Kingston upon Thames,519406,168947,-0.28461999,51.40697861,1417571.733,4818.797496
348,E05000410,Old Malden, ,E09000021,Kingston upon Thames,521537,166612,-0.25479001,51.38554001,1718904.039,6735.908669
349,E05000411,St James, ,E09000021,Kingston upon Thames,521383,167395,-0.25674,51.39260864,2197936.603,7363.147627
350,E05000412,St Mark's, ,E09000021,Kingston upon Thames,517845,167545,-0.30750999,51.39471054,1406617.841,6591.370969
351,E05000413,Surbiton Hill, ,E09000021,Kingston upon Thames,518376,166571,-0.30021,51.38584137,1736561.671,5483.849571
352,E05000414,Tolworth and Hook Rise, ,E09000021,Kingston upon Thames,519013,165300,-0.29148,51.37429047,2461493.772,7281.080632
353,E05000415,Tudor, ,E09000021,Kingston upon Thames,518256,170806,-0.30052,51.42393112,1661893.379,6867.569804
354,E05000416,Bishop's, ,E09000022,Lambeth,531037,179672,-0.11351,51.50080109,1250341.489,4734.560374
355,E05000417,Brixton Hill, ,E09000022,Lambeth,530487,174260,-0.12343,51.45228958,1079067.512,5186.8729
356,E05000418,Clapham Common, ,E09000022,Lambeth,529420,174624,-0.13864,51.45581055,1409831.661,4689.439733
357,E05000419,Clapham Town, ,E09000022,Lambeth,529177,175721,-0.14173999,51.46572113,1091520.986,4338.139671
358,E05000420,Coldharbour, ,E09000022,Lambeth,531478,175651,-0.10866,51.46456146,1224391.165,4562.920316
359,E05000421,Ferndale, ,E09000022,Lambeth,530864,175676,-0.11748,51.46493149,798403.503,4728.583627
360,E05000422,Gipsy Hill, ,E09000022,Lambeth,532816,171711,-0.09089,51.42884064,1501891.767,5650.818001
361,E05000423,Herne Hill, ,E09000022,Lambeth,531951,175062,-0.10207,51.45915985,2080709.949,7680.502429
362,E05000424,Knight's Hill, ,E09000022,Lambeth,531666,171709,-0.10742,51.42908859,1630191.145,5267.468413
363,E05000425,Larkhall, ,E09000022,Lambeth,530066,176160,-0.12879001,51.46945953,981653.0984,4501.212991
364,E05000426,Oval, ,E09000022,Lambeth,530879,177660,-0.11653,51.48276138,1474296.119,5381.746479
365,E05000427,Prince's, ,E09000022,Lambeth,531058,178476,-0.11365,51.49005127,836373.7115,4602.805724
366,E05000428,St Leonard's, ,E09000022,Lambeth,529945,171692,-0.13217001,51.42934036,1402392.1,6497.201836
367,E05000429,Stockwell, ,E09000022,Lambeth,530309,176635,-0.12512,51.47367859,837394.6716,4918.330998
368,E05000430,Streatham Hill, ,E09000022,Lambeth,530431,173054,-0.12468,51.4414711,1243947.569,5006.252449
369,E05000431,Streatham South, ,E09000022,Lambeth,530011,170368,-0.13169999,51.41741943,1653605.437,6435.191394
370,E05000432,Streatham Wells, ,E09000022,Lambeth,530706,171771,-0.1212,51.42987061,1407110.419,6135.948648
371,E05000433,Thornton, ,E09000022,Lambeth,529594,173802,-0.13643999,51.44837952,912362.2568,4409.864008
372,E05000434,Thurlow Park, ,E09000022,Lambeth,532082,173172,-0.10089,51.44213867,1494875.359,4970.465834
373,E05000435,Tulse Hill, ,E09000022,Lambeth,531080,174027,-0.11499,51.4500618,1063437.028,5232.363742
374,E05000436,Vassall, ,E09000022,Lambeth,531379,176885,-0.10963,51.4756813,1192695.494,4126.48144
375,E05000437,Bellingham, ,E09000023,Lewisham,537448,172042,-0.02417,51.43070984,3089494.962,8927.720403
376,E05000438,Blackheath, ,E09000023,Lewisham,538957,175950,-0.00095,51.46546173,2484709.102,7665.889248
377,E05000439,Brockley, ,E09000023,Lewisham,537011,176314,-0.0288,51.46921158,1726762.983,5224.534573
378,E05000440,Catford South, ,E09000023,Lewisham,538608,172997,-0.00712,51.43901062,1826068.902,6168.736925
379,E05000441,Crofton Park, ,E09000023,Lewisham,536395,174248,-0.03846,51.45079041,1749331.807,5935.467177
380,E05000442,Downham, ,E09000023,Lewisham,539005,171303,-0.00208,51.4236908,2630454.597,7796.479261
381,E05000443,Evelyn, ,E09000023,Lewisham,536526,178155,-0.03507,51.48587036,1733107.868,5692.978886
382,E05000444,Forest Hill, ,E09000023,Lewisham,534978,173025,-0.05931,51.44013977,1891524.348,6622.768229
383,E05000445,Grove Park, ,E09000023,Lewisham,540665,172592,0.022289,51.43487167,2518960.854,9294.778861
384,E05000446,Ladywell, ,E09000023,Lewisham,537158,175193,-0.02712,51.45909882,1563269.143,5539.398299
385,E05000447,Lee Green, ,E09000023,Lewisham,539528,174471,0.006682,51.45203018,1732356.233,6062.705473
386,E05000448,Lewisham Central, ,E09000023,Lewisham,538501,174552,-0.00805,51.45301056,2044477.6,8766.836342
387,E05000449,New Cross, ,E09000023,Lewisham,535887,177612,-0.04447,51.48114014,1919966.534,7136.902898
388,E05000450,Perry Vale, ,E09000023,Lewisham,536103,172588,-0.0433,51.43593979,1536682.324,4933.533791
389,E05000451,Rushey Green, ,E09000023,Lewisham,537714,173709,-0.0197,51.44562912,1810723.643,6684.545139
390,E05000452,Sydenham, ,E09000023,Lewisham,535154,171698,-0.05728,51.42816925,1761031.688,6539.655757
391,E05000453,Telegraph Hill, ,E09000023,Lewisham,535875,176219,-0.04518,51.46863174,1422430.269,6046.540715
392,E05000454,Whitefoot, ,E09000023,Lewisham,539538,172643,0.006106,51.43560028,2085065.296,8312.862976
393,E05000455,Abbey, ,E09000024,Merton,525861,169831,-0.19154,51.41352844,1416401.646,4973.558978
394,E05000456,Cannon Hill, ,E09000024,Merton,524298,168461,-0.21449,51.40156174,2012704.978,5787.16049
395,E05000457,Colliers Wood, ,E09000024,Merton,527239,170365,-0.17155001,51.41801834,1235925.561,4717.396493
396,E05000458,Cricket Green, ,E09000024,Merton,528055,167906,-0.16069999,51.39574051,2760654.476,10275.075
397,E05000459,Dundonald, ,E09000024,Merton,524512,169841,-0.21093,51.41392136,1015667.786,5444.771371
398,E05000460,Figge's Marsh, ,E09000024,Merton,528248,169379,-0.1574,51.40893936,1129872.954,5105.249877
399,E05000461,Graveney, ,E09000024,Merton,528651,170114,-0.15133999,51.41545105,961047.7407,4582.335743
400,E05000462,Hillside, ,E09000024,Merton,524181,170518,-0.21545,51.42007828,1105719.55,5644.99032
401,E05000463,Lavender Fields, ,E09000024,Merton,527163,169547,-0.17293,51.41069031,1185403.097,4488.278623
402,E05000464,Longthornton, ,E09000024,Merton,529368,169377,-0.14131001,51.40866089,1592341.489,6576.564746
403,E05000465,Lower Morden, ,E09000024,Merton,523813,166981,-0.22197001,51.38837051,1665411.919,5414.658541
404,E05000466,Merton Park, ,E09000024,Merton,525222,168997,-0.20102,51.40618134,1928062.242,6058.425554
405,E05000467,Pollards Hill, ,E09000024,Merton,529376,168198,-0.14162,51.39807129,2004901.17,6435.449529
406,E05000468,Ravensbury, ,E09000024,Merton,526636,167860,-0.18110999,51.39564896,1919118.442,6751.556945
407,E05000469,Raynes Park, ,E09000024,Merton,522776,169444,-0.23602,51.41072845,2054135.049,6346.039548
408,E05000470,St Helier, ,E09000024,Merton,525226,167584,-0.20146,51.39347839,1910100.995,6977.067661
409,E05000471,Trinity, ,E09000024,Merton,525714,170779,-0.19332001,51.42208099,990394.0064,4508.712822
410,E05000472,Village, ,E09000024,Merton,523024,171098,-0.23187999,51.42554092,6118722.407,10819.00658
411,E05000473,West Barnes, ,E09000024,Merton,522870,168052,-0.23514999,51.39820099,1957860.059,5940.760735
412,E05000474,Wimbledon Park, ,E09000024,Merton,525436,171956,-0.1969,51.43272018,2413992.18,7706.264652
413,E05000475,Beckton, ,E09000025,Newham,543657,181747,0.069023,51.51638031,5727301.874,10646.62568
414,E05000476,Boleyn, ,E09000025,Newham,541637,183316,0.040561,51.5309906,902358.1411,3989.415269
415,E05000477,Canning Town North, ,E09000025,Newham,539361,182293,0.007367,51.52236176,2501776.744,6491.644226
416,E05000478,Canning Town South, ,E09000025,Newham,539907,181061,0.014742,51.5111618,1849750.14,8151.059425
417,E05000479,Custom House, ,E09000025,Newham,541237,181261,0.033975,51.51261902,2051981.877,6021.185314
418,E05000480,East Ham Central, ,E09000025,Newham,542407,183542,0.051745,51.53282928,961005.0074,4085.968464
419,E05000481,East Ham North, ,E09000025,Newham,542472,184650,0.05313,51.54277039,934421.3667,4793.157784
420,E05000482,East Ham South, ,E09000025,Newham,542982,182708,0.059691,51.52518845,1870349.668,6622.502975
421,E05000483,Forest Gate North, ,E09000025,Newham,540346,185550,0.022852,51.5513916,1267337.733,5334.359469
422,E05000484,Forest Gate South, ,E09000025,Newham,539885,184884,0.015943,51.54552078,1141970.773,5017.962686
423,E05000485,Green Street East, ,E09000025,Newham,541402,184500,0.03765,51.54169083,643037.352,3869.448699
424,E05000486,Green Street West, ,E09000025,Newham,540765,184319,0.028399,51.54021835,825504.7802,4201.331847
425,E05000487,Little Ilford, ,E09000025,Newham,542591,185806,0.055312,51.55311966,1836391.874,6779.253325
426,E05000488,Manor Park, ,E09000025,Newham,541859,185285,0.044552,51.54862976,1459828.598,5620.054292
427,E05000489,Plaistow North, ,E09000025,Newham,540451,183309,0.023472,51.53121948,920828.2494,5180.700462
428,E05000490,Plaistow South, ,E09000025,Newham,541108,182513,0.032618,51.52391052,1352516.853,4695.403342
429,E05000491,Royal Docks, ,E09000025,Newham,542011,180183,0.044688,51.50273895,3229492.84,9611.479496
430,E05000492,Stratford and New Town, ,E09000025,Newham,538428,184068,-0.00537,51.53853989,4202179.352,9108.596268
431,E05000493,Wall End, ,E09000025,Newham,543185,184003,0.063141,51.53676987,1410340.914,4982.00661
432,E05000494,West Ham, ,E09000025,Newham,539613,183706,0.011556,51.53499985,1379844.532,4904.02988
433,E05000495,Aldborough, ,E09000026,Redbridge,546280,190122,0.110278,51.59096146,8367818.319,14103.14564
434,E05000496,Barkingside, ,E09000026,Redbridge,543392,189053,0.068181,51.58209991,1619214.463,5428.617128
435,E05000497,Bridge, ,E09000026,Redbridge,541908,191950,0.047948,51.60850143,2435457.787,7091.669184
436,E05000498,Chadwell, ,E09000026,Redbridge,547235,188324,0.1233,51.57455826,1451616.233,5552.360799
437,E05000499,Church End, ,E09000026,Redbridge,540149,190778,0.022095,51.59841156,1503351.297,5603.801885
438,E05000500,Clayhall, ,E09000026,Redbridge,542372,189245,0.053548,51.58407974,2573905.703,7465.065489
439,E05000501,Clementswood, ,E09000026,Redbridge,544413,186216,0.081742,51.55635071,1199346.916,5197.399875
440,E05000502,Cranbrook, ,E09000026,Redbridge,542958,187625,0.061341,51.56938171,2464594.322,7115.279405
441,E05000503,Fairlop, ,E09000026,Redbridge,544374,190945,0.083122,51.59885025,3406487.839,11627.97864
442,E05000504,Fullwell, ,E09000026,Redbridge,543334,190341,0.06787,51.59368896,2390016.971,7129.396256
443,E05000505,Goodmayes, ,E09000026,Redbridge,546383,186574,0.110287,51.55905151,1612728.053,8052.674646
444,E05000506,Hainault, ,E09000026,Redbridge,546990,192308,0.121436,51.61042023,5785874.664,13159.64359
445,E05000507,Loxford, ,E09000026,Redbridge,543907,185278,0.074065,51.54804993,1277666.947,6101.802842
446,E05000508,Mayfield, ,E09000026,Redbridge,545479,185971,0.097006,51.55387115,1944449.247,5937.962818
447,E05000509,Monkhams, ,E09000026,Redbridge,540274,192654,0.024649,51.61523819,3079561.187,8131.751126
448,E05000510,Newbury, ,E09000026,Redbridge,544624,187965,0.085502,51.57201004,2230200.693,8863.786698
449,E05000511,Roding, ,E09000026,Redbridge,541347,190293,0.039185,51.59376144,2319413.766,7555.16205
450,E05000512,Seven Kings, ,E09000026,Redbridge,546526,188120,0.112992,51.57291031,2000941.094,7323.15678
451,E05000513,Snaresbrook, ,E09000026,Redbridge,540242,188800,0.022648,51.58061981,1904441.155,7220.492308
452,E05000514,Valentines, ,E09000026,Redbridge,543621,187029,0.070657,51.5638504,1602784.807,6304.11951
453,E05000515,Wanstead, ,E09000026,Redbridge,541052,187677,0.03388,51.57032013,4997891.236,11112.65704
454,E05000516,Barnes, ,E09000027,Richmond upon Thames,522528,177191,-0.2369,51.48041153,3025032.042,6748.15314
455,E05000517,East Sheen, ,E09000027,Richmond upon Thames,520858,174041,-0.26201001,51.45246124,5678565.336,10756.78652
456,E05000518,Fulwell and Hampton Hill, ,E09000027,Richmond upon Thames,514614,171210,-0.35275,51.42831039,1995167.753,6592.654598
457,E05000519,"Ham, Petersham and Richmond Riverside", ,E09000027,Richmond upon Thames,518355,172475,-0.29854,51.43891144,9256429.196,15367.16197
458,E05000520,Hampton, ,E09000027,Richmond upon Thames,516027,168882,-0.33320001,51.40710068,6836153.626,16679.15612
459,E05000521,Hampton North, ,E09000027,Richmond upon Thames,513016,171175,-0.37573999,51.42832184,2051558.311,5690.524551
460,E05000522,Hampton Wick, ,E09000027,Richmond upon Thames,517064,170551,-0.31773999,51.42189026,2560251.47,8929.344015
461,E05000523,Heathfield, ,E09000027,Richmond upon Thames,513340,173549,-0.37031999,51.44958878,1752859.169,7727.336579
462,E05000524,Kew, ,E09000027,Richmond upon Thames,518872,176737,-0.28968,51.47711182,3539789.333,8180.140007
463,E05000525,Mortlake and Barnes Common, ,E09000027,Richmond upon Thames,521361,175939,-0.25413001,51.46940994,2053851.431,7090.78326
464,E05000526,North Richmond, ,E09000027,Richmond upon Thames,518499,175644,-0.29541001,51.46736145,2892603.028,9287.330601
465,E05000527,St Margarets and North Twickenham, ,E09000027,Richmond upon Thames,516452,174391,-0.32528001,51.45653152,1872375.515,7514.549739
466,E05000528,South Richmond, ,E09000027,Richmond upon Thames,518911,174472,-0.28988001,51.45674133,2726802.172,7357.212243
467,E05000529,South Twickenham, ,E09000027,Richmond upon Thames,515512,172619,-0.33938,51.44078827,1695657.222,5704.718727
468,E05000530,Teddington, ,E09000027,Richmond upon Thames,515869,170560,-0.33491999,51.42221069,4210929.717,10223.46882
469,E05000531,Twickenham Riverside, ,E09000027,Richmond upon Thames,517038,173742,-0.31705999,51.45056915,2014105.711,6467.636034
470,E05000532,West Twickenham, ,E09000027,Richmond upon Thames,514147,172481,-0.35905999,51.43983078,2440923.148,6412.147377
471,E05000533,Whitton, ,E09000027,Richmond upon Thames,514317,173978,-0.35613,51.45325089,1684150.589,6519.355319
472,E05000534,Brunswick Park, ,E09000028,Southwark,533082,176861,-0.08513,51.47505951,925157.8787,4220.153398
473,E05000535,Camberwell Green, ,E09000028,Southwark,532343,177037,-0.0957,51.4768219,922308.7156,4568.827515
474,E05000536,Cathedrals, ,E09000028,Southwark,531989,179859,-0.09974,51.5022583,1644242.819,5730.654129
475,E05000537,Chaucer, ,E09000028,Southwark,532686,179585,-0.0898,51.49962997,750874.0066,4154.003682
476,E05000538,College, ,E09000028,Southwark,533700,172042,-0.07805,51.43161011,3345324.51,8705.709393
477,E05000539,East Dulwich, ,E09000028,Southwark,533925,174652,-0.07383,51.45500946,917466.461,4791.189964
478,E05000540,East Walworth, ,E09000028,Southwark,533387,178338,-0.08018,51.48825836,1214366.104,6271.271921
479,E05000541,Faraday, ,E09000028,Southwark,532858,177881,-0.08797,51.48427963,929333.2613,3703.107777
480,E05000542,Grange, ,E09000028,Southwark,533505,179091,-0.0782,51.49499893,1144515.99,5936.62488
481,E05000543,Livesey, ,E09000028,Southwark,534596,177716,-0.06301,51.48239136,1421897.958,6548.969562
482,E05000544,Newington, ,E09000028,Southwark,531937,178171,-0.10112,51.48709869,809568.3977,4172.471308
483,E05000545,Nunhead, ,E09000028,Southwark,535224,176393,-0.05448,51.47034836,1349727.207,6744.271473
484,E05000546,Peckham, ,E09000028,Southwark,533891,177240,-0.07334,51.47827911,857545.609,4487.697036
485,E05000547,Peckham Rye, ,E09000028,Southwark,535274,174766,-0.05438,51.45571899,2207602.49,6708.586506
486,E05000548,Riverside, ,E09000028,Southwark,534196,179605,-0.06805,51.49945831,1123116.454,5762.024486
487,E05000549,Rotherhithe, ,E09000028,Southwark,535376,179355,-0.05116,51.49692917,1530620.743,5344.071986
488,E05000550,South Bermondsey, ,E09000028,Southwark,534310,178504,-0.06683,51.4895401,931655.0679,4222.442596
489,E05000551,South Camberwell, ,E09000028,Southwark,533354,175716,-0.08164,51.46471024,1353864.454,5935.399517
490,E05000552,Surrey Docks, ,E09000028,Southwark,536135,179733,-0.04009,51.50014114,1345399.154,5427.631249
491,E05000553,The Lane, ,E09000028,Southwark,534354,176083,-0.06712,51.46776962,1313979.606,5798.508788
492,E05000554,Village, ,E09000028,Southwark,532925,174176,-0.08839,51.4509697,2780682.409,7508.847721
493,E05000555,Beddington North, ,E09000029,Sutton,529747,165763,-0.13718,51.37609863,4958119.727,9782.103731
494,E05000556,Beddington South, ,E09000029,Sutton,530114,163217,-0.13283999,51.35313034,2995475.985,8107.906938
495,E05000557,Belmont, ,E09000029,Sutton,525922,162515,-0.19326,51.34777069,2428606.92,7378.273186
496,E05000558,Carshalton Central, ,E09000029,Sutton,527550,164411,-0.16921,51.36444855,2003262.62,6901.005126
497,E05000559,Carshalton South and Clockhouse, ,E09000029,Sutton,527970,162212,-0.16396999,51.34458923,7207190.939,12855.5265
498,E05000560,Cheam, ,E09000029,Sutton,524367,162746,-0.21549,51.35018921,4018321.371,11660.55968
499,E05000561,Nonsuch, ,E09000029,Sutton,522703,165096,-0.23857,51.37166977,1847114.108,7605.908604
500,E05000562,St Helier, ,E09000029,Sutton,526792,166324,-0.17941,51.38180923,1465218.162,5684.677165
501,E05000563,Stonecot, ,E09000029,Sutton,524707,166047,-0.20946001,51.37977982,2013293.945,5616.344966
502,E05000564,Sutton Central, ,E09000029,Sutton,525997,164415,-0.19151001,51.36483002,1255210.448,4911.202736
503,E05000565,Sutton North, ,E09000029,Sutton,525856,165606,-0.19311,51.37556076,1805557.2,5165.280175
504,E05000566,Sutton South, ,E09000029,Sutton,526236,163439,-0.18842,51.35599899,1141718.5,4880.372775
505,E05000567,Sutton West, ,E09000029,Sutton,525284,163808,-0.20196,51.3595314,1823342.83,6368.031335
506,E05000568,The Wrythe, ,E09000029,Sutton,527431,165603,-0.1705,51.37517929,1583549.697,5740.071473
507,E05000569,Wallington North, ,E09000029,Sutton,528854,164718,-0.15038,51.36690903,1723357.397,5697.637544
508,E05000570,Wallington South, ,E09000029,Sutton,528999,163274,-0.14882,51.35390091,1652860.086,5326.485184
509,E05000571,Wandle Valley, ,E09000029,Sutton,527924,166527,-0.16308001,51.38338089,2059765.02,7371.183345
510,E05000572,Worcester Park, ,E09000029,Sutton,523177,166070,-0.23142,51.3803215,2275656.614,5986.111441
511,E05000590,Cann Hall, ,E09000031,Waltham Forest,539677,186400,0.013546,51.55918884,783696.0158,3880.864595
512,E05000591,Cathall, ,E09000031,Waltham Forest,538696,186001,-0.00075,51.55585098,1190393.328,4634.776537
513,E05000592,Chapel End, ,E09000031,Waltham Forest,537644,190618,-0.01411,51.5975914,1981363.572,5537.359745
514,E05000593,Chingford Green, ,E09000031,Waltham Forest,538849,194979,0.005001,51.63647842,3835821.902,8500.017206
515,E05000594,Endlebury, ,E09000031,Waltham Forest,537911,193900,-0.00896,51.62702179,2020861.423,5727.144722
516,E05000595,Forest, ,E09000031,Waltham Forest,538779,188281,0.001343,51.57632065,1960601.904,6441.513319
517,E05000596,Grove Green, ,E09000031,Waltham Forest,538490,186807,-0.0034,51.56314087,808230.8463,3762.766996
518,E05000597,Hale End and Highams Park, ,E09000031,Waltham Forest,538907,190916,0.00423,51.59996033,2264983.33,7896.300977
519,E05000598,Hatch Lane, ,E09000031,Waltham Forest,539310,192424,0.010643,51.61341095,2330579.411,7674.983117
520,E05000599,High Street, ,E09000031,Waltham Forest,535210,188424,-0.05007,51.57846832,3064267.498,8501.146717
521,E05000600,Higham Hill, ,E09000031,Waltham Forest,536187,190787,-0.03506,51.59946823,3220279.531,7993.58458
522,E05000601,Hoe Street, ,E09000031,Waltham Forest,537739,189049,-0.01335,51.58346939,1002418.905,4525.980621
523,E05000602,Larkswood, ,E09000031,Waltham Forest,538001,192550,-0.0082,51.61486816,1823018.374,6127.93256
524,E05000603,Lea Bridge, ,E09000031,Waltham Forest,536295,187367,-0.03483,51.56871033,2737489.463,7265.261292
525,E05000604,Leyton, ,E09000031,Waltham Forest,537483,186699,-0.01796,51.56241989,2132055.649,6443.490217
526,E05000605,Leytonstone, ,E09000031,Waltham Forest,539213,187504,0.007294,51.56922913,1452375.518,4628.528298
527,E05000606,Markhouse, ,E09000031,Waltham Forest,536667,188294,-0.02911,51.57695007,1343204.18,5616.828714
528,E05000607,Valley, ,E09000031,Waltham Forest,536786,192434,-0.02578,51.61412048,2052398.322,6105.200666
529,E05000608,William Morris, ,E09000031,Waltham Forest,536913,189857,-0.02495,51.59093094,944683.6056,5295.2512
530,E05000609,Wood Street, ,E09000031,Waltham Forest,538815,189490,0.002339,51.58716965,1976318.145,5925.025652
531,E05000610,Balham, ,E09000032,Wandsworth,528396,174189,-0.15353,51.45212936,1234360.989,5525.222517
532,E05000611,Bedford, ,E09000032,Wandsworth,528695,172287,-0.14992,51.43497086,1801410.168,6121.492287
533,E05000612,Earlsfield, ,E09000032,Wandsworth,526322,172508,-0.18396001,51.43748856,1382136.618,6397.976115
534,E05000613,East Putney, ,E09000032,Wandsworth,524511,174442,-0.20933001,51.45526886,1676111.018,6872.044555
535,E05000614,Fairfield, ,E09000032,Wandsworth,525925,174728,-0.18888,51.45753098,1473836.479,6645.825299
536,E05000615,Furzedown, ,E09000032,Wandsworth,528817,171246,-0.14855,51.42559052,1500322.6,4839.542799
537,E05000616,Graveney, ,E09000032,Wandsworth,527818,171159,-0.16294,51.42502975,970354.552,3986.22098
538,E05000617,Latchmere, ,E09000032,Wandsworth,527186,175919,-0.17031001,51.46794891,1138907.754,5373.233581
539,E05000618,Nightingale, ,E09000032,Wandsworth,528046,173158,-0.15894,51.44293976,1157978.52,4579.309569
540,E05000619,Northcote, ,E09000032,Wandsworth,527671,174636,-0.1638,51.45631027,1686167.988,6456.977691
541,E05000620,Queenstown, ,E09000032,Wandsworth,528646,176905,-0.14895,51.47647858,2937447.937,8181.672405
542,E05000621,Roehampton and Putney Heath, ,E09000032,Wandsworth,522399,173116,-0.24017,51.44380951,4611631.629,12080.50649
543,E05000622,St Mary's Park, ,E09000032,Wandsworth,526863,176608,-0.17472,51.47422028,967602.4016,5837.922092
544,E05000623,Shaftesbury, ,E09000032,Wandsworth,527982,175717,-0.15893,51.46596146,966238.1479,3902.289186
545,E05000624,Southfields, ,E09000032,Wandsworth,525267,173486,-0.19879,51.44651031,1657447.21,5569.021593
546,E05000625,Thamesfield, ,E09000032,Wandsworth,523495,175630,-0.22352999,51.46617126,1946241.309,6778.846509
547,E05000626,Tooting, ,E09000032,Wandsworth,527087,171754,-0.17323001,51.43053818,1602040.426,5505.426358
548,E05000627,Wandsworth Common, ,E09000032,Wandsworth,526797,173678,-0.17670999,51.44789886,2775646.036,7522.84638
549,E05000628,West Hill, ,E09000032,Wandsworth,524196,173319,-0.21425,51.44525146,1712242.315,5266.216799
550,E05000629,West Putney, ,E09000032,Wandsworth,522945,174764,-0.23174,51.45851135,1876874.975,6010.490851
551,E05000630,Abbey Road, ,E09000033,Westminster,526334,183257,-0.17995,51.53408813,1032350.541,4220.303177
552,E05000631,Bayswater, ,E09000033,Westminster,525483,181289,-0.19291,51.51659012,646047.4407,3202.943157
553,E05000632,Bryanston and Dorset Square, ,E09000033,Westminster,527554,181754,-0.16291,51.52030945,716019.0022,3915.840395
554,E05000633,Churchill, ,E09000033,Westminster,528475,178311,-0.15090001,51.48915863,557432.8494,3562.920881
555,E05000634,Church Street, ,E09000033,Westminster,527022,182086,-0.17046,51.5234108,450460.5355,2987.883207
556,E05000635,Harrow Road, ,E09000033,Westminster,525011,182475,-0.19929001,51.52735901,456882.9865,3473.394877
557,E05000636,Hyde Park, ,E09000033,Westminster,526894,181230,-0.17261,51.51575089,946413.6286,4240.329455
558,E05000637,Knightsbridge and Belgravia, ,E09000033,Westminster,527232,179754,-0.16827001,51.50241089,3592969.925,9448.358803
559,E05000638,Lancaster Gate, ,E09000033,Westminster,526051,180979,-0.18483999,51.5136795,596304.5591,3280.023864
560,E05000639,Little Venice, ,E09000033,Westminster,526176,182160,-0.18262,51.5242691,602993.05,3525.579582
561,E05000640,Maida Vale, ,E09000033,Westminster,525723,182783,-0.18892001,51.52996826,678708.2509,3401.70895
562,E05000641,Marylebone High Street, ,E09000033,Westminster,528510,181693,-0.14916,51.51953888,915518.9643,4212.075463
563,E05000642,Queen's Park, ,E09000033,Westminster,524349,182672,-0.20875999,51.52927017,559156.1774,2936.021418
564,E05000643,Regent's Park, ,E09000033,Westminster,527493,182826,-0.16339999,51.52996063,2282593.932,6814.438417
565,E05000644,St James's, ,E09000033,Westminster,529778,179951,-0.13154,51.50360107,3304959.733,8465.014558
566,E05000645,Tachbrook, ,E09000033,Westminster,529609,178295,-0.13458,51.48875046,311768.1071,2511.742672
567,E05000646,Vincent Square, ,E09000033,Westminster,529800,178757,-0.13166,51.49285889,507337.8756,3629.940151
568,E05000647,Warwick, ,E09000033,Westminster,528951,178671,-0.14392,51.49227905,579694.0677,2974.653157
569,E05000648,Westbourne, ,E09000033,Westminster,525599,181793,-0.19106001,51.52109909,686524.6236,4137.73647
570,E05000649,West End, ,E09000033,Westminster,528792,180787,-0.14543,51.51134109,2137135.396,6430.87294
5673,E05009288,Aldersgate, ,E09000001,City of London,532169,181721,-0.09645,51.51895142,73662.58404,1384.642804
5674,E05009289,Aldgate, ,E09000001,City of London,533397,181175,-0.07896,51.51375961,95825.51448,1244.212372
5675,E05009290,Bassishaw, ,E09000001,City of London,532438,181495,-0.09266,51.51686096,72161.8032,1110.50005
5676,E05009291,Billingsgate, ,E09000001,City of London,533152,180752,-0.08265,51.51000977,68536.97984,1133.733003
5677,E05009292,Bishopsgate, ,E09000001,City of London,533208,181662,-0.0815,51.51818085,300789.7123,2134.569262
5678,E05009293,Bread Street, ,E09000001,City of London,532224,181151,-0.09587,51.51382065,78825.69105,1650.517168
5679,E05009294,Bridge, ,E09000001,City of London,532930,180701,-0.08587,51.50960922,77475.62318,1142.143046
5680,E05009295,Broad Street, ,E09000001,City of London,532919,181434,-0.08575,51.51620102,54062.10589,1082.915031
5681,E05009296,Candlewick, ,E09000001,City of London,532818,180909,-0.0874,51.51150131,42832.26931,849.5512166
5682,E05009297,Castle Baynard, ,E09000001,City of London,531455,181178,-0.10693,51.51424026,208795.7859,2860.45368
5683,E05009298,Cheap, ,E09000001,City of London,532238,181311,-0.09561,51.51525116,91271.13084,1433.037677
5684,E05009299,Coleman Street, ,E09000001,City of London,532729,181581,-0.08843,51.51755905,195499.7315,1957.872408
5685,E05009300,Cordwainer, ,E09000001,City of London,532452,181059,-0.09262,51.51293945,52003.64385,956.6833283
5686,E05009301,Cornhill, ,E09000001,City of London,532956,181174,-0.08532,51.51385117,54111.39609,1022.198769
5687,E05009302,Cripplegate, ,E09000001,City of London,532335,181803,-0.09402,51.51964951,125345.8021,1466.489041
5688,E05009303,Dowgate, ,E09000001,City of London,532623,180772,-0.09026,51.51031876,65644.98231,1027.758662
5689,E05009304,Farringdon Within, ,E09000001,City of London,531801,181189,-0.10195,51.51425934,233293.097,2929.175046
5690,E05009305,Farringdon Without, ,E09000001,City of London,531201,181313,-0.11054,51.51551056,425516.9934,3699.024435
5691,E05009306,Langbourn, ,E09000001,City of London,533081,181020,-0.08357,51.51243973,55637.11642,1207.692788
5692,E05009307,Lime Street, ,E09000001,City of London,533174,181187,-0.08217,51.51391983,48263.37118,961.2849521
5693,E05009308,Portsoken, ,E09000001,City of London,533651,181230,-0.07529,51.51419067,64851.00137,1300.896697
5694,E05009309,Queenhithe, ,E09000001,City of London,532129,180840,-0.09735,51.51103973,24331.15579,654.3329866
5695,E05009310,Tower, ,E09000001,City of London,533579,180864,-0.07646,51.51092148,247035.5152,1943.62143
5696,E05009311,Vintry, ,E09000001,City of London,532346,180862,-0.09422,51.51118851,83006.04731,1122.171605
5697,E05009312,Walbrook, ,E09000001,City of London,532728,181096,-0.08863,51.51319885,88911.18416,1336.727707
5701,E05009317,Bethnal Green, ,E09000030,Tower Hamlets,535607,182735,-0.04653,51.52724838,1157331.124,4495.686452
5702,E05009318,Blackwall & Cubitt Town, ,E09000030,Tower Hamlets,538099,180053,-0.01168,51.50254059,1475799.868,7882.839479
5703,E05009319,Bow East, ,E09000030,Tower Hamlets,536930,183770,-0.02707,51.53622818,1804143.648,6563.962868
5704,E05009320,Bow West, ,E09000030,Tower Hamlets,536263,183179,-0.03691,51.53107834,1476061.088,5843.806035
5705,E05009321,Bromley North, ,E09000030,Tower Hamlets,537618,182704,-0.01758,51.52648163,592929.7793,3556.88194
5706,E05009322,Bromley South, ,E09000030,Tower Hamlets,537535,182093,-0.01901,51.52101135,609126.4671,3518.246203
5707,E05009323,Canary Wharf, ,E09000030,Tower Hamlets,537489,179863,-0.02054,51.50099182,1458299.667,5403.367196
5708,E05009324,Island Gardens, ,E09000030,Tower Hamlets,537961,178640,-0.01422,51.48987961,989593.8723,4250.731824
5709,E05009325,Lansbury, ,E09000030,Tower Hamlets,538152,181611,-0.01031,51.51652908,1287174.858,5465.901583
5710,E05009326,Limehouse, ,E09000030,Tower Hamlets,536720,180835,-0.03124,51.50991058,406363.591,2748.92686
5711,E05009327,Mile End, ,E09000030,Tower Hamlets,536885,181753,-0.0285,51.51811981,1139151.503,5267.194616
5712,E05009328,Poplar, ,E09000030,Tower Hamlets,538441,181002,-0.00639,51.51099014,792524.6533,5074.081037
5713,E05009329,St Dunstan's, ,E09000030,Tower Hamlets,535956,181873,-0.04184,51.51942062,754443.262,3870.701743
5714,E05009330,St Katharine's & Wapping, ,E09000030,Tower Hamlets,534455,180443,-0.06401,51.5069313,1056137.695,5644.20326
5715,E05009331,St Peter's, ,E09000030,Tower Hamlets,534820,182802,-0.05785,51.52804184,1031665.547,4622.313511
5716,E05009332,Shadwell, ,E09000030,Tower Hamlets,535395,181023,-0.05025,51.51190948,607675.1434,3817.767259
5717,E05009333,Spitalfields & Banglatown, ,E09000030,Tower Hamlets,534010,181785,-0.0699,51.51908875,948682.6075,4009.528281
5718,E05009334,Stepney Green, ,E09000030,Tower Hamlets,535474,181597,-0.04889,51.5170517,653201.2218,3214.824
5719,E05009335,Weavers, ,E09000030,Tower Hamlets,533944,182658,-0.07052,51.52695084,580063.9181,3105.843176
5720,E05009336,Whitechapel, ,E09000030,Tower Hamlets,534378,181187,-0.06483,51.51362991,831973.9032,4510.084509
5750,E05009367,Brownswood, ,E09000012,Hackney,531930,186798,-0.09799,51.5646286,481132.2058,2848.387986
5751,E05009368,Cazenove, ,E09000012,Hackney,534174,187100,-0.06552,51.56681824,673961.3284,3334.305606
5752,E05009369,Clissold, ,E09000012,Hackney,532799,186196,-0.08568,51.559021,925009.4427,4098.131335
5753,E05009370,Dalston, ,E09000012,Hackney,533878,184932,-0.07061,51.54740143,518280.5443,2908.67484
5754,E05009371,De Beauvoir, ,E09000012,Hackney,533165,184285,-0.08113,51.54175949,627845.9886,3211.015393
5755,E05009372,Hackney Central, ,E09000012,Hackney,534579,185035,-0.06047,51.54816055,818512.4588,3479.131344
5756,E05009373,Hackney Downs, ,E09000012,Hackney,534426,186064,-0.06228,51.55744934,1116170.787,4247.112754
5757,E05009374,Hackney Wick, ,E09000012,Hackney,536726,184936,-0.02956,51.54676056,1502728.001,6060.87809
5758,E05009375,Haggerston, ,E09000012,Hackney,533979,183409,-0.06973,51.53369141,894523.6778,3691.899648
5759,E05009376,Homerton, ,E09000012,Hackney,535434,184955,-0.04817,51.54724121,824648.1077,3962.847163
5760,E05009377,Hoxton East & Shoreditch, ,E09000012,Hackney,533093,182815,-0.08272,51.52856827,1039726.875,5126.160813
5761,E05009378,Hoxton West, ,E09000012,Hackney,532582,183172,-0.08995,51.53189087,666663.9348,3188.494072
5762,E05009379,King's Park, ,E09000012,Hackney,536547,185855,-0.03178,51.55506134,1885140.655,5634.440125
5763,E05009380,Lea Bridge, ,E09000012,Hackney,535245,186293,-0.05038,51.55931091,1037780.963,4329.95341
5764,E05009381,London Fields, ,E09000012,Hackney,534176,184026,-0.06666,51.53918839,1037035.576,4621.410212
5765,E05009382,Shacklewell, ,E09000012,Hackney,533782,185497,-0.07178,51.55250168,501929.9437,2926.533115
5766,E05009383,Springfield, ,E09000012,Hackney,534234,187889,-0.06435,51.57389069,1320172.126,5496.206913
5767,E05009384,Stamford Hill West, ,E09000012,Hackney,533145,187347,-0.08026,51.56927872,700187.3435,4110.440275
5768,E05009385,Stoke Newington, ,E09000012,Hackney,533437,186411,-0.07641,51.56079865,905618.0787,3972.559021
5769,E05009386,Victoria, ,E09000012,Hackney,535438,184010,-0.04848,51.53874969,800521.0063,3787.956227
5770,E05009387,Woodberry Down, ,E09000012,Hackney,532388,187390,-0.09116,51.56983948,917418.4457,4528.943061
5771,E05009388,Abingdon, ,E09000020,Kensington and Chelsea,525238,179040,-0.19724,51.49642944,621440.8493,3282.854338
5772,E05009389,Brompton & Hans Town, ,E09000020,Kensington and Chelsea,527297,179111,-0.16756999,51.49660873,1124451.671,4619.518969
5773,E05009390,Campden, ,E09000020,Kensington and Chelsea,525457,179959,-0.19375999,51.50463867,1052087.004,4184.445388
5774,E05009391,Chelsea Riverside, ,E09000020,Kensington and Chelsea,526737,177487,-0.17621,51.48213959,568810.8774,3703.910819
5775,E05009392,Colville, ,E09000020,Kensington and Chelsea,524682,181183,-0.20449001,51.51581955,461238.5738,2750.973874
5776,E05009393,Courtfield, ,E09000020,Kensington and Chelsea,526582,178497,-0.17808001,51.49126053,579181.5485,3594.501725
5777,E05009394,Dalgarno, ,E09000020,Kensington and Chelsea,523524,182102,-0.22085001,51.52433014,926020.6066,4118.597134
5778,E05009395,Earl's Court, ,E09000020,Kensington and Chelsea,525376,178442,-0.19546001,51.49103165,406880.6393,2623.666309
5779,E05009396,Golborne, ,E09000020,Kensington and Chelsea,524414,181893,-0.20810001,51.52225876,528533.2355,3019.43413
5780,E05009397,Holland, ,E09000020,Kensington and Chelsea,524494,179565,-0.20777,51.50131989,946244.0536,4572.388334
5781,E05009398,Norland, ,E09000020,Kensington and Chelsea,524287,180314,-0.21048,51.50809097,448521.4635,3566.38908
5782,E05009399,Notting Dale, ,E09000020,Kensington and Chelsea,523903,180807,-0.21584,51.51261139,633057.5618,3117.03395
5783,E05009400,Pembridge, ,E09000020,Kensington and Chelsea,525128,180708,-0.19823,51.51145172,387277.0677,2482.258455
5784,E05009401,Queen's Gate, ,E09000020,Kensington and Chelsea,526009,179281,-0.18605,51.49842834,539071.3724,2929.752044
5785,E05009402,Redcliffe, ,E09000020,Kensington and Chelsea,525937,177919,-0.18758,51.48619843,791873.2043,3508.126323
5786,E05009403,Royal Hospital, ,E09000020,Kensington and Chelsea,527849,178310,-0.15990999,51.48928833,924315.3711,4013.71108
5787,E05009404,St. Helen's, ,E09000020,Kensington and Chelsea,523717,181499,-0.21828,51.51887131,428185.3057,3307.400891
5788,E05009405,Stanley, ,E09000020,Kensington and Chelsea,526743,177955,-0.17596,51.48635101,600019.6527,4123.724035
